{
  "images" : [
    {
      "filename" : "blue-add-button-12025 16.11.02.png",
      "idiom" : "universal",
      "scale" : "1x"
    },
    {
      "filename" : "blue-add-button-12025 16.11.02-1.png",
      "idiom" : "universal",
      "scale" : "2x"
    },
    {
      "filename" : "blue-add-button-12025 16.11.02-2.png",
      "idiom" : "universal",
      "scale" : "3x"
    }
  ],
  "info" : {
    "author" : "xcode",
    "version" : 1
  },
  "properties" : {
    "template-rendering-intent" : "original"
  }
}
